{"mean":{"confidence_interval":{"confidence_level":0.95,"lower_bound":30100884.806,"upper_bound":30549193.149375},"point_estimate":30318075.305,"standard_error":114518.36646692285},"median":{"confidence_interval":{"confidence_level":0.95,"lower_bound":30326283.0,"upper_bound":30554189.5},"point_estimate":30438697.25,"standard_error":62952.89953796745},"median_abs_dev":{"confidence_interval":{"confidence_level":0.95,"lower_bound":441309.9668651819,"upper_bound":946692.7154928446},"point_estimate":684029.0031060576,"standard_error":126587.85834012428},"slope":null,"std_dev":{"confidence_interval":{"confidence_level":0.95,"lower_bound":864000.4587280563,"upper_bound":1440530.4702834236},"point_estimate":1147451.4310150757,"standard_error":149588.34350275146}}