{"mean":{"confidence_interval":{"confidence_level":0.95,"lower_bound":-0.015735934470502217,"upper_bound":-0.004337696422457932},"point_estimate":-0.009821575049507314,"standard_error":0.0027971649140476795},"median":{"confidence_interval":{"confidence_level":0.95,"lower_bound":-0.0079708113548842,"upper_bound":0.0006842071162975836},"point_estimate":-0.0038663095635055322,"standard_error":0.0021796702836369935}}