{"mean":{"confidence_interval":{"confidence_level":0.95,"lower_bound":0.016365768512726114,"upper_bound":0.03158214314328711},"point_estimate":0.023900383305033968,"standard_error":0.003902842753272588},"median":{"confidence_interval":{"confidence_level":0.95,"lower_bound":0.0236534704940905,"upper_bound":0.04019153076191917},"point_estimate":0.03429789483212087,"standard_error":0.004504599771449085}}