{"mean":{"confidence_interval":{"confidence_level":0.95,"lower_bound":-0.18555579003898404,"upper_bound":-0.1730183181495585},"point_estimate":-0.1788645217768705,"standard_error":0.0032049608552640317},"median":{"confidence_interval":{"confidence_level":0.95,"lower_bound":-0.18500990754888813,"upper_bound":-0.17844061868790717},"point_estimate":-0.18246400616423453,"standard_error":0.0018840168846181353}}