{"mean":{"confidence_interval":{"confidence_level":0.95,"lower_bound":26187064.725,"upper_bound":26803041.481875},"point_estimate":26509341.075,"standard_error":157460.2007326487},"median":{"confidence_interval":{"confidence_level":0.95,"lower_bound":27087000.25,"upper_bound":27133107.25},"point_estimate":27106300.0,"standard_error":14363.35447177967},"median_abs_dev":{"confidence_interval":{"confidence_level":0.95,"lower_bound":64350.02795755863,"upper_bound":115885.20304262638},"point_estimate":77975.8630156517,"standard_error":14281.303732390934},"slope":null,"std_dev":{"confidence_interval":{"confidence_level":0.95,"lower_bound":1197758.3353865386,"upper_bound":1872255.6771904551},"point_estimate":1582534.9976932872,"standard_error":171785.17340242816}}