{"mean":{"confidence_interval":{"confidence_level":0.95,"lower_bound":-0.08805560466566255,"upper_bound":-0.07955499465560018},"point_estimate":-0.08363868456095669,"standard_error":0.0021729170226439257},"median":{"confidence_interval":{"confidence_level":0.95,"lower_bound":-0.08353644906867441,"upper_bound":-0.07731605754741133},"point_estimate":-0.08135718848454776,"standard_error":0.0016401372275087643}}