{"mean":{"confidence_interval":{"confidence_level":0.95,"lower_bound":-0.15350082658998784,"upper_bound":-0.13974513205567976},"point_estimate":-0.14648738212907197,"standard_error":0.003493590793459647},"median":{"confidence_interval":{"confidence_level":0.95,"lower_bound":-0.15873994711051786,"upper_bound":-0.1302536490427746},"point_estimate":-0.1399216833944441,"standard_error":0.006243908378081659}}