{"mean":{"confidence_interval":{"confidence_level":0.95,"lower_bound":-0.166761960932614,"upper_bound":-0.14742208443572802},"point_estimate":-0.1570326254961104,"standard_error":0.004969751892712832},"median":{"confidence_interval":{"confidence_level":0.95,"lower_bound":-0.14001507669152824,"upper_bound":-0.130065480057461},"point_estimate":-0.13305853785045052,"standard_error":0.002348009863346792}}