{"mean":{"confidence_interval":{"confidence_level":0.95,"lower_bound":-0.1514015543678699,"upper_bound":-0.13312763194011848},"point_estimate":-0.14183708335556244,"standard_error":0.004673546785176614},"median":{"confidence_interval":{"confidence_level":0.95,"lower_bound":-0.13311476607203354,"upper_bound":-0.1256903353438061},"point_estimate":-0.12967203475546885,"standard_error":0.001644199469992706}}