{"mean":{"confidence_interval":{"confidence_level":0.95,"lower_bound":26528477.805,"upper_bound":26598055.27},"point_estimate":26566966.04,"standard_error":17750.43908759697},"median":{"confidence_interval":{"confidence_level":0.95,"lower_bound":26536959.0,"upper_bound":26572494.0},"point_estimate":26546362.5,"standard_error":7431.48932146393},"median_abs_dev":{"confidence_interval":{"confidence_level":0.95,"lower_bound":48412.0782405138,"upper_bound":82495.56903541088},"point_estimate":63537.933821976185,"standard_error":8334.074350279063},"slope":null,"std_dev":{"confidence_interval":{"confidence_level":0.95,"lower_bound":90312.11115906024,"upper_bound":271401.8675916087},"point_estimate":178672.94204268957,"standard_error":52539.91364573079}}