{"mean":{"confidence_interval":{"confidence_level":0.95,"lower_bound":26289039.0665,"upper_bound":26352850.63525},"point_estimate":26319538.725,"standard_error":16292.911286131826},"median":{"confidence_interval":{"confidence_level":0.95,"lower_bound":26249701.75,"upper_bound":26277107.0},"point_estimate":26261475.0,"standard_error":6806.406806720128},"median_abs_dev":{"confidence_interval":{"confidence_level":0.95,"lower_bound":36636.89859956503,"upper_bound":81281.31965696812},"point_estimate":56469.26779747009,"standard_error":11980.428408347456},"slope":null,"std_dev":{"confidence_interval":{"confidence_level":0.95,"lower_bound":126522.86135545418,"upper_bound":195804.33421563412},"point_estimate":163717.3077060025,"standard_error":17678.627563960752}}