{"mean":{"confidence_interval":{"confidence_level":0.95,"lower_bound":-0.012717314110584408,"upper_bound":0.009203613611696138},"point_estimate":-0.001598698730926107,"standard_error":0.005579355618275106},"median":{"confidence_interval":{"confidence_level":0.95,"lower_bound":-0.011935071566520072,"upper_bound":0.007623452072759829},"point_estimate":-0.0037474279668598953,"standard_error":0.004805281799211487}}