{"mean":{"confidence_interval":{"confidence_level":0.95,"lower_bound":-0.010177552551384195,"upper_bound":8.147805667670047e-6},"point_estimate":-0.004524831665875806,"standard_error":0.002583557837143101},"median":{"confidence_interval":{"confidence_level":0.95,"lower_bound":-0.006504681248000167,"upper_bound":-0.0037843035305682106},"point_estimate":-0.005800195706319955,"standard_error":0.0007280921001457134}}