{"mean":{"confidence_interval":{"confidence_level":0.95,"lower_bound":0.08104391185750534,"upper_bound":0.09951288823690345},"point_estimate":0.08974396520322792,"standard_error":0.0045921860836327455},"median":{"confidence_interval":{"confidence_level":0.95,"lower_bound":0.06597793501579008,"upper_bound":0.09132908290976535},"point_estimate":0.07574517779997603,"standard_error":0.005676876105953739}}