{"mean":{"confidence_interval":{"confidence_level":0.95,"lower_bound":27507764.949125,"upper_bound":27814925.325},"point_estimate":27648755.65,"standard_error":78180.15629354185},"median":{"confidence_interval":{"confidence_level":0.95,"lower_bound":27460063.5,"upper_bound":27753674.0},"point_estimate":27578795.75,"standard_error":68176.59582414919},"median_abs_dev":{"confidence_interval":{"confidence_level":0.95,"lower_bound":554779.273250699,"upper_bound":831297.8823915124},"point_estimate":752781.6116854548,"standard_error":72374.85953087774},"slope":null,"std_dev":{"confidence_interval":{"confidence_level":0.95,"lower_bound":518229.75630496227,"upper_bound":1111911.3299725554},"point_estimate":785215.2235936945,"standard_error":180707.94883091594}}