{"mean":{"confidence_interval":{"confidence_level":0.95,"lower_bound":0.07029949177662329,"upper_bound":0.08567829658977377},"point_estimate":0.07804755834273336,"standard_error":0.003925830967875184},"median":{"confidence_interval":{"confidence_level":0.95,"lower_bound":0.06642796406139495,"upper_bound":0.08240232307367279},"point_estimate":0.07582042404253153,"standard_error":0.003887213293696984}}