{
  "timestamp": 1780390011.489065,
  "quality_signal": 0.5280002441427324,
  "coupling_score": 0.06358885017421603,
  "cycle_count": 2,
  "god_file_count": 1,
  "hotspot_count": 0,
  "complex_fn_count": 409,
  "max_depth": 7,
  "total_import_edges": 1148,
  "cross_module_edges": 814
}