{"mean":{"confidence_interval":{"confidence_level":0.95,"lower_bound":263875366.176,"upper_bound":265201285.22725},"point_estimate":264507493.52,"standard_error":339203.32738793874},"median":{"confidence_interval":{"confidence_level":0.95,"lower_bound":263156101.5,"upper_bound":264475204.0},"point_estimate":263808116.0,"standard_error":304544.3502328868},"median_abs_dev":{"confidence_interval":{"confidence_level":0.95,"lower_bound":1898682.7606916428,"upper_bound":3166861.7131769657},"point_estimate":2396510.921153426,"standard_error":338845.9493851493},"slope":null,"std_dev":{"confidence_interval":{"confidence_level":0.95,"lower_bound":2436493.917248964,"upper_bound":4498702.947245129},"point_estimate":3398726.0356954476,"standard_error":573105.1594082529}}