{"mean":{"confidence_interval":{"confidence_level":0.95,"lower_bound":-0.147111795201038,"upper_bound":-0.13876158393571164},"point_estimate":-0.14300840919139646,"standard_error":0.002129553480809139},"median":{"confidence_interval":{"confidence_level":0.95,"lower_bound":-0.1482775834326142,"upper_bound":-0.13994890788494296},"point_estimate":-0.14410254703871572,"standard_error":0.0021710160401188314}}