{"mean":{"confidence_interval":{"confidence_level":0.95,"lower_bound":27067043.860499997,"upper_bound":27319417.903125},"point_estimate":27190829.38,"standard_error":64223.79964495634},"median":{"confidence_interval":{"confidence_level":0.95,"lower_bound":27096671.0,"upper_bound":27295207.75},"point_estimate":27192291.0,"standard_error":48063.437553717304},"median_abs_dev":{"confidence_interval":{"confidence_level":0.95,"lower_bound":415785.89636832476,"upper_bound":697276.4045208693},"point_estimate":599603.4595549107,"standard_error":70639.26935664561},"slope":null,"std_dev":{"confidence_interval":{"confidence_level":0.95,"lower_bound":474929.5412188489,"upper_bound":809440.304846336},"point_estimate":644272.5946562069,"standard_error":85736.33386922217}}