{"mean":{"confidence_interval":{"confidence_level":0.95,"lower_bound":46484337.250125,"upper_bound":46914891.808874995},"point_estimate":46700092.83,"standard_error":109666.08884662102},"median":{"confidence_interval":{"confidence_level":0.95,"lower_bound":46401696.5,"upper_bound":46849562.25},"point_estimate":46694341.0,"standard_error":112341.98417081757},"median_abs_dev":{"confidence_interval":{"confidence_level":0.95,"lower_bound":763533.0560445786,"upper_bound":1162046.6627195477},"point_estimate":973324.6588200331,"standard_error":101031.82244074522},"slope":null,"std_dev":{"confidence_interval":{"confidence_level":0.95,"lower_bound":902085.5741452455,"upper_bound":1294257.7854703495},"point_estimate":1105535.9546410178,"standard_error":100262.31459558688}}