{"mean":{"confidence_interval":{"confidence_level":0.95,"lower_bound":-0.0032208512120001087,"upper_bound":0.015017805593458727},"point_estimate":0.006093135115242898,"standard_error":0.004625167504114657},"median":{"confidence_interval":{"confidence_level":0.95,"lower_bound":-0.00013348577490224223,"upper_bound":0.021168854289379313},"point_estimate":0.010254951659917744,"standard_error":0.005566704833236358}}