{"mean":{"confidence_interval":{"confidence_level":0.95,"lower_bound":0.013701676081806342,"upper_bound":0.02465205001317128},"point_estimate":0.018931310212655816,"standard_error":0.002691916519449039},"median":{"confidence_interval":{"confidence_level":0.95,"lower_bound":0.012548881413220858,"upper_bound":0.022998520412576662},"point_estimate":0.018939203745437228,"standard_error":0.0026703369205789943}}