{"mean":{"confidence_interval":{"confidence_level":0.95,"lower_bound":27577658.475375,"upper_bound":27948983.14},"point_estimate":27759683.01,"standard_error":94822.95621619342},"median":{"confidence_interval":{"confidence_level":0.95,"lower_bound":27554876.25,"upper_bound":27768558.0},"point_estimate":27658274.5,"standard_error":56420.4666938517},"median_abs_dev":{"confidence_interval":{"confidence_level":0.95,"lower_bound":422168.11860501766,"upper_bound":765577.1907582879},"point_estimate":584181.454628706,"standard_error":86123.83871859129},"slope":null,"std_dev":{"confidence_interval":{"confidence_level":0.95,"lower_bound":687943.7304685134,"upper_bound":1212435.7450256194},"point_estimate":952932.6456490414,"standard_error":135421.01697465833}}