{"mean":{"confidence_interval":{"confidence_level":0.95,"lower_bound":27749306.575625,"upper_bound":28005239.050625},"point_estimate":27874148.885,"standard_error":65208.52420457098},"median":{"confidence_interval":{"confidence_level":0.95,"lower_bound":27616635.25,"upper_bound":27989094.0},"point_estimate":27777229.5,"standard_error":94313.48940412015},"median_abs_dev":{"confidence_interval":{"confidence_level":0.95,"lower_bound":479054.7382950783,"upper_bound":748085.8469188213},"point_estimate":643397.6095274091,"standard_error":70272.93205509394},"slope":null,"std_dev":{"confidence_interval":{"confidence_level":0.95,"lower_bound":515796.53298374405,"upper_bound":790282.5742518433},"point_estimate":656150.6807825918,"standard_error":70487.39181089963}}