{"mean":{"confidence_interval":{"confidence_level":0.95,"lower_bound":28724531.585625,"upper_bound":29188786.727874998},"point_estimate":28947974.79,"standard_error":118408.987805798},"median":{"confidence_interval":{"confidence_level":0.95,"lower_bound":28495453.5,"upper_bound":28895723.5},"point_estimate":28711000.0,"standard_error":105051.0283820741},"median_abs_dev":{"confidence_interval":{"confidence_level":0.95,"lower_bound":589727.1198302507,"upper_bound":956313.306722045},"point_estimate":724654.8369348049,"standard_error":93339.36939619869},"slope":null,"std_dev":{"confidence_interval":{"confidence_level":0.95,"lower_bound":916904.0541423116,"upper_bound":1426378.3811587389},"point_estimate":1183908.7564704039,"standard_error":130559.69717528929}}