{"mean":{"confidence_interval":{"confidence_level":0.95,"lower_bound":0.06689512842338799,"upper_bound":0.07737286150093292},"point_estimate":0.07195421034333416,"standard_error":0.0026671559710495195},"median":{"confidence_interval":{"confidence_level":0.95,"lower_bound":0.06428044421873877,"upper_bound":0.07920131774784833},"point_estimate":0.07068881471310173,"standard_error":0.0036820008419244116}}