{"mean":{"confidence_interval":{"confidence_level":0.95,"lower_bound":0.009240542463094381,"upper_bound":0.02458394357483041},"point_estimate":0.017205660873673034,"standard_error":0.003952406555319646},"median":{"confidence_interval":{"confidence_level":0.95,"lower_bound":0.015512739700664469,"upper_bound":0.02586441062277367},"point_estimate":0.020345842823258797,"standard_error":0.0026220923707922133}}