{"mean":{"confidence_interval":{"confidence_level":0.95,"lower_bound":26528650.866875,"upper_bound":26654213.868375},"point_estimate":26590565.57,"standard_error":32035.52017456833},"median":{"confidence_interval":{"confidence_level":0.95,"lower_bound":26475489.5,"upper_bound":26608097.5},"point_estimate":26526310.75,"standard_error":31251.374006736958},"median_abs_dev":{"confidence_interval":{"confidence_level":0.95,"lower_bound":215972.1636169777,"upper_bound":351311.7840592188},"point_estimate":291092.19623208046,"standard_error":33458.23542587862},"slope":null,"std_dev":{"confidence_interval":{"confidence_level":0.95,"lower_bound":267258.79173472617,"upper_bound":373069.2786892706},"point_estimate":322327.27687491185,"standard_error":27007.91801642667}}