{"mean":{"confidence_interval":{"confidence_level":0.95,"lower_bound":0.018458859764290746,"upper_bound":0.03119178359371784},"point_estimate":0.02478874144725496,"standard_error":0.003258662066209024},"median":{"confidence_interval":{"confidence_level":0.95,"lower_bound":0.03647627281359278,"upper_bound":0.04255473627571549},"point_estimate":0.039268255350813686,"standard_error":0.0015356532165953815}}