{"mean":{"confidence_interval":{"confidence_level":0.95,"lower_bound":0.03857744312335399,"upper_bound":0.054624729281507675},"point_estimate":0.04681475686454695,"standard_error":0.004127095139564059},"median":{"confidence_interval":{"confidence_level":0.95,"lower_bound":0.02808140780258217,"upper_bound":0.04149785296313424},"point_estimate":0.03507960675239041,"standard_error":0.003298433337141171}}