{"mean":{"confidence_interval":{"confidence_level":0.95,"lower_bound":0.06445356306422781,"upper_bound":0.08016286590798527},"point_estimate":0.07256471740083681,"standard_error":0.00404767833313465},"median":{"confidence_interval":{"confidence_level":0.95,"lower_bound":0.06655474872426503,"upper_bound":0.07577290728926056},"point_estimate":0.07155453481616902,"standard_error":0.002316685745128798}}