{"mean":{"confidence_interval":{"confidence_level":0.95,"lower_bound":49579152.264125,"upper_bound":49641246.895},"point_estimate":49610412.525,"standard_error":15869.614123114767},"median":{"confidence_interval":{"confidence_level":0.95,"lower_bound":49556360.0,"upper_bound":49626098.0},"point_estimate":49587087.25,"standard_error":17451.822138494834},"median_abs_dev":{"confidence_interval":{"confidence_level":0.95,"lower_bound":109106.75596296787,"upper_bound":189237.20739036798},"point_estimate":156690.06081819534,"standard_error":20135.61312061405},"slope":null,"std_dev":{"confidence_interval":{"confidence_level":0.95,"lower_bound":129753.90907223462,"upper_bound":191753.70635682181},"point_estimate":159984.99683345272,"standard_error":15980.033972278514}}