{"mean":{"confidence_interval":{"confidence_level":0.95,"lower_bound":28720555.662375,"upper_bound":28988632.781},"point_estimate":28860011.43,"standard_error":68501.84018371062},"median":{"confidence_interval":{"confidence_level":0.95,"lower_bound":28866525.25,"upper_bound":29060930.0},"point_estimate":28964983.0,"standard_error":48931.54915179567},"median_abs_dev":{"confidence_interval":{"confidence_level":0.95,"lower_bound":271122.6865366101,"upper_bound":533723.9351332553},"point_estimate":356672.7821677923,"standard_error":69875.9299638552},"slope":null,"std_dev":{"confidence_interval":{"confidence_level":0.95,"lower_bound":500276.9967022408,"upper_bound":842741.262123789},"point_estimate":684981.2496712387,"standard_error":87451.65079509406}}