{"mean":{"confidence_interval":{"confidence_level":0.95,"lower_bound":0.042928123303044206,"upper_bound":0.054787786819625366},"point_estimate":0.0487353333456817,"standard_error":0.0030406761267612673},"median":{"confidence_interval":{"confidence_level":0.95,"lower_bound":0.048752609987654294,"upper_bound":0.05662579852159455},"point_estimate":0.05239198190154393,"standard_error":0.00204857799895918}}