{"mean":{"confidence_interval":{"confidence_level":0.95,"lower_bound":2412964177.84125,"upper_bound":2423952567.782},"point_estimate":2418780791.8,"standard_error":2815013.289196756},"median":{"confidence_interval":{"confidence_level":0.95,"lower_bound":2416843616.0,"upper_bound":2428865123.0},"point_estimate":2421683806.0,"standard_error":3508945.8148846403},"median_abs_dev":{"confidence_interval":{"confidence_level":0.95,"lower_bound":16071342.20187664,"upper_bound":25371396.799367666},"point_estimate":21203264.159166813,"standard_error":2473482.2742864084},"slope":null,"std_dev":{"confidence_interval":{"confidence_level":0.95,"lower_bound":18148323.960329697,"upper_bound":38035037.875199825},"point_estimate":28400661.702946708,"standard_error":5210436.4759036815}}