{"mean":{"confidence_interval":{"confidence_level":0.95,"lower_bound":-0.011405891029819724,"upper_bound":0.013912494472216421},"point_estimate":0.0017170605656802174,"standard_error":0.00643648654714879},"median":{"confidence_interval":{"confidence_level":0.95,"lower_bound":-0.010585904312478541,"upper_bound":0.007509216468972513},"point_estimate":-0.0017486481118795805,"standard_error":0.004515580192623703}}