{"mean":{"confidence_interval":{"confidence_level":0.95,"lower_bound":-0.10012979697436271,"upper_bound":-0.09492594965307917},"point_estimate":-0.09751475864538528,"standard_error":0.0013293205395473525},"median":{"confidence_interval":{"confidence_level":0.95,"lower_bound":-0.09842322907428247,"upper_bound":-0.09462353510937549},"point_estimate":-0.09681335705544225,"standard_error":0.0010401240720172287}}