{"mean":{"confidence_interval":{"confidence_level":0.95,"lower_bound":-0.017068288421594333,"upper_bound":-0.006186218069218152},"point_estimate":-0.011899040850356868,"standard_error":0.0027936593467338287},"median":{"confidence_interval":{"confidence_level":0.95,"lower_bound":-0.016715943036238134,"upper_bound":-0.008273265062842799},"point_estimate":-0.012264022412051712,"standard_error":0.002089025312678527}}