{"mean":{"confidence_interval":{"confidence_level":0.95,"lower_bound":33714502.609375,"upper_bound":34126877.33},"point_estimate":33918365.8,"standard_error":105029.99299132104},"median":{"confidence_interval":{"confidence_level":0.95,"lower_bound":33651132.0,"upper_bound":34149749.5},"point_estimate":33956857.25,"standard_error":123003.98395340529},"median_abs_dev":{"confidence_interval":{"confidence_level":0.95,"lower_bound":635651.7659649253,"upper_bound":1074644.0584212542},"point_estimate":799010.1908147335,"standard_error":109232.62377947867},"slope":null,"std_dev":{"confidence_interval":{"confidence_level":0.95,"lower_bound":774510.7331896767,"upper_bound":1329618.548645417},"point_estimate":1056541.0960003284,"standard_error":142945.1893181954}}