{"mean":{"confidence_interval":{"confidence_level":0.95,"lower_bound":31928901.342875,"upper_bound":32358408.51275},"point_estimate":32138995.56,"standard_error":109623.31241479042},"median":{"confidence_interval":{"confidence_level":0.95,"lower_bound":31844931.0,"upper_bound":32181679.5},"point_estimate":31992750.75,"standard_error":92651.24458494835},"median_abs_dev":{"confidence_interval":{"confidence_level":0.95,"lower_bound":648193.4497922659,"upper_bound":1115322.524549067},"point_estimate":898300.281701982,"standard_error":117969.13076343921},"slope":null,"std_dev":{"confidence_interval":{"confidence_level":0.95,"lower_bound":888711.5606623349,"upper_bound":1291073.7571629994},"point_estimate":1102597.8605440445,"standard_error":102855.79022304478}}