{"mean":{"confidence_interval":{"confidence_level":0.95,"lower_bound":26446411.705,"upper_bound":26583596.591125},"point_estimate":26514690.38,"standard_error":34970.95826562157},"median":{"confidence_interval":{"confidence_level":0.95,"lower_bound":26420625.5,"upper_bound":26561046.0},"point_estimate":26470921.5,"standard_error":34418.857692365214},"median_abs_dev":{"confidence_interval":{"confidence_level":0.95,"lower_bound":218632.34641849995,"upper_bound":376578.5400643945},"point_estimate":275030.8200672269,"standard_error":40565.60888970576},"slope":null,"std_dev":{"confidence_interval":{"confidence_level":0.95,"lower_bound":290748.14148290904,"upper_bound":405373.367949705},"point_estimate":350335.3901460189,"standard_error":29275.3470201166}}