{"mean":{"confidence_interval":{"confidence_level":0.95,"lower_bound":28706524.095125,"upper_bound":29146452.318125002},"point_estimate":28915704.54,"standard_error":112665.68710842871},"median":{"confidence_interval":{"confidence_level":0.95,"lower_bound":28437461.5,"upper_bound":28813536.0},"point_estimate":28632200.0,"standard_error":88383.09029242223},"median_abs_dev":{"confidence_interval":{"confidence_level":0.95,"lower_bound":467347.3876029253,"upper_bound":767472.694824636},"point_estimate":631670.6143856049,"standard_error":75398.44481188006},"slope":null,"std_dev":{"confidence_interval":{"confidence_level":0.95,"lower_bound":862414.8705245139,"upper_bound":1360774.2977368524},"point_estimate":1133849.5108029859,"standard_error":126918.77265527347}}