{"mean":{"confidence_interval":{"confidence_level":0.95,"lower_bound":0.04152518576647045,"upper_bound":0.058711955791100306},"point_estimate":0.050340732601035,"standard_error":0.004401845702271591},"median":{"confidence_interval":{"confidence_level":0.95,"lower_bound":0.03270759130779455,"upper_bound":0.048935306293013896},"point_estimate":0.04101741313826257,"standard_error":0.004133879917040344}}