{"mean":{"confidence_interval":{"confidence_level":0.95,"lower_bound":-0.17289979266652766,"upper_bound":-0.16044189749220478},"point_estimate":-0.16677956150625894,"standard_error":0.0031842000882647886},"median":{"confidence_interval":{"confidence_level":0.95,"lower_bound":-0.17502815263810223,"upper_bound":-0.1585111805149464},"point_estimate":-0.16787782989579558,"standard_error":0.004457144411005425}}