{"mean":{"confidence_interval":{"confidence_level":0.95,"lower_bound":-0.0779185468666015,"upper_bound":-0.06276987956774041},"point_estimate":-0.07003612420579342,"standard_error":0.0038594478653250783},"median":{"confidence_interval":{"confidence_level":0.95,"lower_bound":-0.07779151379609739,"upper_bound":-0.05880295672496173},"point_estimate":-0.06947672364106106,"standard_error":0.004581157404257432}}