{"mean":{"confidence_interval":{"confidence_level":0.95,"lower_bound":-0.03474332424616751,"upper_bound":-0.019073648819878403},"point_estimate":-0.02640615744889796,"standard_error":0.004002605565948674},"median":{"confidence_interval":{"confidence_level":0.95,"lower_bound":-0.02605756709686602,"upper_bound":-0.014773522551466385},"point_estimate":-0.020029590596165603,"standard_error":0.0027309361779138635}}