{"mean":{"confidence_interval":{"confidence_level":0.95,"lower_bound":0.06420058958666185,"upper_bound":0.08347018873442767},"point_estimate":0.0733273635205478,"standard_error":0.004850579711144007},"median":{"confidence_interval":{"confidence_level":0.95,"lower_bound":0.0549467713706695,"upper_bound":0.06766704532065144},"point_estimate":0.059981496030690806,"standard_error":0.0037446899417832536}}