{"mean":{"confidence_interval":{"confidence_level":0.95,"lower_bound":0.04989670084023619,"upper_bound":0.06396282403331642},"point_estimate":0.05609362906730131,"standard_error":0.0035357089045879395},"median":{"confidence_interval":{"confidence_level":0.95,"lower_bound":0.05181597317135078,"upper_bound":0.06618179326963891},"point_estimate":0.058376370926843224,"standard_error":0.0034334167215915585}}