{"mean":{"confidence_interval":{"confidence_level":0.95,"lower_bound":29035375.964625,"upper_bound":29347317.692},"point_estimate":29184871.36,"standard_error":79635.31382839185},"median":{"confidence_interval":{"confidence_level":0.95,"lower_bound":28874181.5,"upper_bound":29254371.0},"point_estimate":29107034.75,"standard_error":102491.29405932441},"median_abs_dev":{"confidence_interval":{"confidence_level":0.95,"lower_bound":578970.8570212126,"upper_bound":858631.484688744},"point_estimate":726060.3417098522,"standard_error":66357.797295637},"slope":null,"std_dev":{"confidence_interval":{"confidence_level":0.95,"lower_bound":609253.4303924316,"upper_bound":987487.5839699083},"point_estimate":804007.3937797968,"standard_error":97138.0670226568}}