{"mean":{"confidence_interval":{"confidence_level":0.95,"lower_bound":28456755.815,"upper_bound":28798491.5295},"point_estimate":28614112.265,"standard_error":86770.10431748739},"median":{"confidence_interval":{"confidence_level":0.95,"lower_bound":28411162.5,"upper_bound":28624137.5},"point_estimate":28535108.25,"standard_error":68619.27730229338},"median_abs_dev":{"confidence_interval":{"confidence_level":0.95,"lower_bound":348176.0017186403,"upper_bound":598399.9590262771},"point_estimate":479237.09809184074,"standard_error":63754.8355519631},"slope":null,"std_dev":{"confidence_interval":{"confidence_level":0.95,"lower_bound":509301.2802324931,"upper_bound":1212317.0186639635},"point_estimate":872829.8677935074,"standard_error":185403.70643877087}}